Time, TRD (C), pH, ORP (mV), DO (mg/L),DO (%Sat),EC (uS), EC (PSU), 
2018-06-06 13:25:00, 26.587, 8.353, 263.2, 7.20,99.5, 53811,35.56,
2018-06-06 13:25:09, 26.586, 8.358, 262.4, 7.17,99.1, 54101,35.78,
2018-06-06 13:25:18, 26.586, 8.362, 262.4, 7.15,98.8, 53821,35.56,
2018-06-06 13:25:27, 26.586, 8.357, 262.5, 7.17,99.1, 53801,35.55,
2018-06-06 13:25:36, 26.585, 8.354, 262.4, 7.14,98.7, 53811,35.56,
2018-06-06 13:25:45, 26.584, 8.351, 262.5, 7.15,98.8, 53801,35.55,
2018-06-06 13:25:54, 26.583, 8.359, 262.4, 7.15,98.8, 53811,35.56,
2018-06-06 13:26:03, 26.583, 8.360, 262.4, 7.18,99.3, 53781,35.54,
2018-06-06 13:26:12, 26.582, 8.353, 262.4, 7.18,99.3, 53801,35.55,
2018-06-06 13:26:21, 26.582, 8.352, 262.5, 7.17,99.1, 53801,35.55,
2018-06-06 13:26:30, 26.581, 8.357, 262.7, 7.19,99.4, 53801,35.55,
2018-06-06 13:26:39, 26.582, 8.359, 262.7, 7.19,99.4, 53801,35.55,
2018-06-06 13:26:48, 26.583, 8.359, 262.9, 7.20,99.5, 53801,35.55,
2018-06-06 13:26:57, 26.583, 8.357, 262.8, 7.17,99.0, 53791,35.54,
2018-06-06 13:27:06, 26.582, 8.357, 263.0, 7.08,97.8, 53801,35.55,
2018-06-06 13:27:15, 26.582, 8.356, 263.2, 7.11,98.2, 53801,35.55,
2018-06-06 13:27:25, 26.581, 8.354, 262.7, 7.21,99.6, 53801,35.55,
2018-06-06 13:27:34, 26.580, 8.354, 262.5, 7.16,99.0, 53791,35.55,
2018-06-06 13:27:43, 26.580, 8.355, 262.5, 7.18,99.2, 53791,35.54,
2018-06-06 13:27:52, 26.580, 8.355, 263.2, 7.20,99.6, 53801,35.55,
2018-06-06 13:28:01, 26.581, 8.358, 262.6, 7.16,99.0, 53791,35.54,
2018-06-06 13:28:10, 26.581, 8.358, 262.8, 7.20,99.5, 53791,35.55,
2018-06-06 13:28:19, 26.582, 8.362, 262.6, 7.22,99.7, 53791,35.54,
2018-06-06 13:28:28, 26.582, 8.358, 262.6, 7.20,99.5, 53791,35.54,
2018-06-06 13:28:37, 26.581, 8.359, 262.5, 7.14,98.6, 53791,35.55,
2018-06-06 13:28:46, 26.581, 8.353, 262.7, 7.15,98.8, 53791,35.54,
2018-06-06 13:28:55, 26.582, 8.352, 262.9, 7.17,99.1, 54141,35.81,
2018-06-06 13:29:04, 26.581, 8.354, 262.8, 7.21,99.6, 53791,35.54,
2018-06-06 13:29:13, 26.582, 8.353, 262.7, 7.21,99.6, 53801,35.55,
2018-06-06 13:29:22, 26.582, 8.354, 263.0, 7.20,99.6, 53801,35.55,
2018-06-06 13:29:31, 26.582, 8.354, 262.7, 7.22,99.8, 53791,35.54,
2018-06-06 13:29:40, 26.581, 8.354, 263.0, 7.25,100.2, 53791,35.54,
2018-06-06 13:29:49, 26.582, 8.354, 263.5, 7.19,99.3, 53791,35.54,
2018-06-06 13:29:58, 26.582, 8.353, 263.1, 7.23,99.9, 53781,35.54,
2018-06-06 13:30:07, 26.582, 8.352, 263.0, 7.18,99.2, 53791,35.54,
2018-06-06 13:30:16, 26.582, 8.350, 263.2, 7.22,99.7, 53801,35.55,
2018-06-06 13:30:25, 26.581, 8.351, 263.0, 7.20,99.6, 53801,35.55,
2018-06-06 13:30:34, 26.581, 8.349, 263.2, 7.17,99.1, 53781,35.54,
2018-06-06 13:30:43, 26.581, 8.353, 263.0, 7.14,98.6, 53791,35.54,
2018-06-06 13:30:52, 26.581, 8.353, 263.2, 7.21,99.6, 53781,35.53,
2018-06-06 13:31:01, 26.581, 8.350, 263.3, 7.22,99.8, 53791,35.54,
2018-06-06 13:31:10, 26.580, 8.350, 263.3, 7.20,99.6, 53791,35.54,
2018-06-06 13:31:19, 26.581, 8.353, 263.4, 7.20,99.5, 53791,35.54,
2018-06-06 13:31:28, 26.581, 8.354, 263.2, 7.19,99.3, 54011,35.70,
2018-06-06 13:31:37, 26.581, 8.355, 263.6, 7.18,99.3, 53781,35.54,
2018-06-06 13:31:46, 26.581, 8.357, 263.4, 7.19,99.3, 53791,35.54,
2018-06-06 13:31:55, 26.581, 8.354, 263.5, 7.22,99.7, 53811,35.56,
2018-06-06 13:32:05, 26.580, 8.355, 263.4, 7.23,99.9, 53791,35.54,
2018-06-06 13:32:14, 26.581, 8.358, 263.4, 7.21,99.6, 53801,35.55,
2018-06-06 13:32:23, 26.581, 8.355, 263.5, 7.20,99.5, 53801,35.55,
2018-06-06 13:32:32, 26.581, 8.355, 263.2, 7.18,99.3, 53801,35.55,
2018-06-06 13:32:41, 26.580, 8.353, 263.4, 7.16,98.9, 53791,35.54,
2018-06-06 13:32:50, 26.579, 8.350, 263.6, 7.20,99.6, 53801,35.55,
2018-06-06 13:32:59, 26.580, 8.349, 263.6, 7.20,99.5, 53801,35.55,
2018-06-06 13:33:08, 26.580, 8.351, 263.5, 7.18,99.3, 53791,35.54,
2018-06-06 13:33:17, 26.579, 8.350, 263.4, 7.19,99.4, 53791,35.54,
2018-06-06 13:33:26, 26.579, 8.352, 263.6, 7.23,99.9, 53791,35.54,
2018-06-06 13:33:35, 26.579, 8.353, 263.6, 7.24,100.0, 53801,35.55,
2018-06-06 13:33:44, 26.579, 8.357, 263.7, 7.17,99.2, 53791,35.54,
2018-06-06 13:33:53, 26.578, 8.357, 264.0, 7.23,100.0, 53801,35.55,
2018-06-06 13:34:02, 26.579, 8.357, 263.6, 7.22,99.7, 53801,35.55,
2018-06-06 13:34:11, 26.580, 8.356, 263.7, 7.20,99.5, 53791,35.54,
2018-06-06 13:34:20, 26.580, 8.357, 263.7, 7.23,100.0, 53791,35.54,
2018-06-06 13:34:29, 26.580, 8.355, 263.7, 7.19,99.4, 53801,35.55,
2018-06-06 13:34:38, 26.579, 8.357, 263.7, 7.19,99.4, 53791,35.54,
2018-06-06 13:34:47, 26.579, 8.357, 263.8, 7.21,99.7, 53791,35.55,
2018-06-06 13:34:56, 26.579, 8.355, 263.8, 7.20,99.5, 53791,35.54,
2018-06-06 13:35:05, 26.579, 8.357, 263.7, 7.16,98.9, 53781,35.53,
2018-06-06 13:35:14, 26.578, 8.358, 263.8, 7.20,99.5, 53781,35.54,
2018-06-06 13:35:23, 26.578, 8.358, 263.7, 7.22,99.8, 53801,35.55,
2018-06-06 13:35:32, 26.577, 8.356, 263.8, 7.23,99.9, 53791,35.55,
2018-06-06 13:35:41, 26.577, 8.358, 263.8, 7.17,99.1, 53791,35.54,
2018-06-06 13:35:50, 26.576, 8.359, 263.8, 7.20,99.5, 53791,35.54,
2018-06-06 13:35:59, 26.576, 8.359, 263.7, 7.23,99.9, 53801,35.55,
2018-06-06 13:36:08, 26.576, 8.359, 263.7, 7.24,100.1, 53781,35.53,
2018-06-06 13:36:17, 26.577, 8.353, 263.8, 7.24,100.1, 53791,35.55,
2018-06-06 13:36:26, 26.576, 8.351, 264.3, 7.20,99.6, 53791,35.54,
2018-06-06 13:36:35, 26.577, 8.353, 264.1, 7.18,99.3, 53801,35.55,
2018-06-06 13:36:45, 26.577, 8.357, 264.0, 7.21,99.6, 53781,35.53,
2018-06-06 13:36:54, 26.578, 8.357, 264.0, 7.18,99.2, 53781,35.53,
2018-06-06 13:37:03, 26.579, 8.357, 264.1, 7.18,99.2, 53801,35.55,
2018-06-06 13:37:12, 26.579, 8.351, 264.1, 7.20,99.6, 53781,35.54,
2018-06-06 13:37:21, 26.578, 8.351, 264.2, 7.22,99.8, 53801,35.55,
2018-06-06 13:37:30, 26.578, 8.355, 264.2, 7.22,99.8, 53801,35.55,
2018-06-06 13:37:39, 26.579, 8.354, 264.2, 7.21,99.6, 53791,35.54,
2018-06-06 13:37:48, 26.578, 8.358, 264.2, 7.17,99.1, 53791,35.54,
2018-06-06 13:37:57, 26.578, 8.357, 264.2, 7.22,99.8, 53791,35.55,
2018-06-06 13:38:06, 26.578, 8.351, 264.3, 7.22,99.8, 53791,35.54,
2018-06-06 13:38:15, 26.577, 8.351, 264.3, 7.16,99.0, 53801,35.55,
2018-06-06 13:38:24, 26.578, 8.356, 264.3, 7.21,99.6, 53791,35.54,
2018-06-06 13:38:33, 26.577, 8.362, 264.3, 7.18,99.2, 53801,35.55,
2018-06-06 13:38:42, 26.577, 8.354, 264.5, 7.19,99.3, 53791,35.54,
2018-06-06 13:38:51, 26.577, 8.349, 264.3, 7.16,99.0, 53801,35.55,
2018-06-06 13:39:00, 26.577, 8.355, 264.3, 7.20,99.5, 53801,35.55,
2018-06-06 13:39:09, 26.578, 8.359, 264.4, 7.18,99.2, 53801,35.55,
2018-06-06 13:39:18, 26.578, 8.354, 264.5, 7.18,99.2, 53781,35.53,
2018-06-06 13:39:27, 26.577, 8.349, 264.5, 7.21,99.7, 53801,35.55,
2018-06-06 13:39:36, 26.577, 8.357, 264.6, 7.20,99.5, 53801,35.55,
2018-06-06 13:39:45, 26.576, 8.360, 264.8, 7.23,99.9, 53791,35.55,
2018-06-06 13:39:54, 26.576, 8.355, 264.6, 7.18,99.2, 53791,35.55,
2018-06-06 13:40:03, 26.577, 8.351, 264.5, 7.20,99.5, 53801,35.55,
2018-06-06 13:40:12, 26.577, 8.357, 264.4, 7.22,99.8, 53791,35.54,
2018-06-06 13:40:21, 26.576, 8.357, 264.6, 7.16,99.0, 53791,35.54,
2018-06-06 13:40:30, 26.575, 8.352, 264.8, 7.16,98.9, 53801,35.55,
2018-06-06 13:40:39, 26.575, 8.353, 264.5, 7.21,99.6, 53811,35.56,
2018-06-06 13:40:48, 26.576, 8.356, 264.6, 7.23,99.9, 53791,35.54,
2018-06-06 13:40:57, 26.576, 8.353, 264.6, 7.20,99.5, 53791,35.55,
2018-06-06 13:41:06, 26.575, 8.355, 264.8, 7.20,99.5, 53791,35.54,
2018-06-06 13:41:15, 26.576, 8.359, 264.8, 7.23,99.9, 53791,35.54,
2018-06-06 13:41:25, 26.576, 8.353, 264.6, 7.20,99.6, 53801,35.55,
2018-06-06 13:41:34, 26.575, 8.350, 264.6, 7.18,99.2, 53791,35.55,
2018-06-06 13:41:43, 26.574, 8.354, 264.6, 7.20,99.5, 53821,35.56,
2018-06-06 13:41:52, 26.574, 8.357, 264.5, 7.24,100.0, 53791,35.54,
2018-06-06 13:42:01, 26.574, 8.352, 264.5, 7.22,99.8, 53781,35.54,
2018-06-06 13:42:10, 26.574, 8.349, 264.3, 7.21,99.6, 53801,35.55,
2018-06-06 13:42:19, 26.574, 8.358, 265.0, 7.23,100.0, 53791,35.55,
2018-06-06 13:42:28, 26.573, 8.358, 264.2, 7.22,99.8, 53781,35.54,
2018-06-06 13:42:37, 26.574, 8.350, 264.1, 7.19,99.4, 53801,35.55,
2018-06-06 13:42:46, 26.573, 8.355, 264.3, 7.22,99.8, 53791,35.55,
2018-06-06 13:42:55, 26.573, 8.362, 264.2, 7.22,99.8, 53781,35.54,
2018-06-06 13:43:04, 26.574, 8.354, 264.2, 7.18,99.2, 53791,35.54,
2018-06-06 13:43:13, 26.574, 8.351, 264.0, 7.19,99.3, 53801,35.55,
2018-06-06 13:43:22, 26.573, 8.361, 264.8, 7.18,99.2, 53791,35.54,
2018-06-06 13:43:31, 26.572, 8.358, 264.8, 7.20,99.6, 53791,35.54,
2018-06-06 13:43:40, 26.571, 8.354, 264.0, 7.24,100.1, 53791,35.54,
2018-06-06 13:43:49, 26.572, 8.361, 264.1, 7.22,99.8, 53791,35.54,
2018-06-06 13:43:58, 26.571, 8.353, 263.8, 7.22,99.8, 53781,35.54,
2018-06-06 13:44:07, 26.571, 8.352, 263.9, 7.19,99.4, 53791,35.54,
2018-06-06 13:44:16, 26.572, 8.357, 263.9, 7.22,99.8, 53791,35.54,
2018-06-06 13:44:25, 26.572, 8.360, 264.0, 7.20,99.5, 53791,35.54,
2018-06-06 13:44:34, 26.572, 8.354, 263.8, 7.20,99.6, 53781,35.53,
2018-06-06 13:44:43, 26.573, 8.352, 263.8, 7.19,99.4, 53811,35.56,
2018-06-06 13:44:52, 26.574, 8.362, 264.5, 7.23,99.9, 53781,35.53,
2018-06-06 13:45:01, 26.573, 8.354, 263.8, 7.25,100.2, 53761,35.52,
2018-06-06 13:45:10, 26.573, 8.350, 263.8, 7.22,99.7, 53751,35.51,
2018-06-06 13:45:19, 26.573, 8.355, 263.8, 7.23,99.9, 53771,35.53,
2018-06-06 13:45:28, 26.573, 8.360, 263.9, 7.25,100.1, 53761,35.52,
2018-06-06 13:45:37, 26.573, 8.351, 263.6, 7.22,99.8, 53761,35.52,
2018-06-06 13:45:46, 26.573, 8.351, 263.5, 7.24,100.1, 53781,35.53,
2018-06-06 13:45:56, 26.573, 8.358, 264.2, 7.22,99.8, 53761,35.52,
2018-06-06 13:46:05, 26.573, 8.354, 264.5, 7.20,99.5, 53801,35.55,
2018-06-06 13:46:14, 26.573, 8.352, 263.6, 7.19,99.3, 53821,35.57,
2018-06-06 13:46:23, 26.574, 8.352, 263.6, 7.22,99.8, 53781,35.54,
2018-06-06 13:46:32, 26.573, 8.357, 263.6, 7.20,99.5, 53781,35.53,
2018-06-06 13:46:41, 26.573, 8.354, 263.4, 7.23,99.9, 53791,35.54,
2018-06-06 13:46:50, 26.573, 8.349, 263.6, 7.21,99.6, 53801,35.55,
2018-06-06 13:46:59, 26.573, 8.355, 263.5, 7.25,100.3, 53801,35.55,
2018-06-06 13:47:08, 26.572, 8.357, 263.7, 7.26,100.3, 53801,35.55,
2018-06-06 13:47:17, 26.572, 8.352, 264.0, 7.23,99.9, 53801,35.55,
2018-06-06 13:47:26, 26.572, 8.356, 263.4, 7.22,99.8, 53791,35.54,
2018-06-06 13:47:35, 26.572, 8.359, 263.3, 7.22,99.8, 53791,35.54,
2018-06-06 13:47:44, 26.573, 8.358, 264.0, 7.22,99.7, 53791,35.54,
2018-06-06 13:47:53, 26.573, 8.354, 263.4, 7.27,100.5, 53791,35.54,
2018-06-06 13:48:02, 26.572, 8.353, 263.4, 7.25,100.2, 53801,35.55,
2018-06-06 13:48:11, 26.572, 8.351, 263.3, 7.26,100.4, 53791,35.54,
2018-06-06 13:48:20, 26.573, 8.358, 263.4, 7.26,100.3, 53801,35.55,
2018-06-06 13:48:29, 26.573, 8.361, 263.2, 7.22,99.8, 53791,35.54,
2018-06-06 13:48:38, 26.573, 8.354, 263.0, 7.26,100.3, 53801,35.55,
2018-06-06 13:48:47, 26.573, 8.353, 263.0, 7.24,100.1, 53801,35.55,
2018-06-06 13:48:56, 26.572, 8.352, 263.1, 7.27,100.5, 53801,35.55,
2018-06-06 13:49:05, 26.573, 8.355, 263.1, 7.22,99.8, 53801,35.55,
2018-06-06 13:49:14, 26.573, 8.358, 263.0, 7.25,100.2, 53801,35.55,
2018-06-06 13:49:23, 26.572, 8.353, 263.5, 7.25,100.2, 53821,35.57,
2018-06-06 13:49:32, 26.571, 8.353, 263.0, 7.26,100.4, 53781,35.54,
2018-06-06 13:49:41, 26.572, 8.353, 263.0, 7.29,100.8, 53781,35.54,
2018-06-06 13:49:50, 26.572, 8.354, 264.0, 7.25,100.2, 53801,35.55,
2018-06-06 13:49:59, 26.572, 8.352, 263.0, 7.26,100.4, 53791,35.54,
2018-06-06 13:50:08, 26.570, 8.358, 263.0, 7.25,100.2, 53801,35.55,
2018-06-06 13:50:17, 26.570, 8.358, 263.6, 7.24,100.0, 53781,35.54,
2018-06-06 13:50:26, 26.570, 8.357, 262.9, 7.24,100.1, 53781,35.54,
2018-06-06 13:50:36, 26.572, 8.362, 262.9, 7.21,99.7, 53781,35.54,
2018-06-06 13:50:45, 26.572, 8.359, 263.2, 7.26,100.4, 53781,35.54,
2018-06-06 13:50:54, 26.572, 8.354, 263.5, 7.28,100.6, 53811,35.56,
2018-06-06 13:51:03, 26.572, 8.351, 262.9, 7.20,99.5, 53781,35.54,
2018-06-06 13:51:12, 26.573, 8.352, 263.0, 7.24,100.0, 53791,35.54,
2018-06-06 13:51:21, 26.573, 8.352, 262.9, 7.25,100.2, 53801,35.55,
2018-06-06 13:51:30, 26.572, 8.354, 262.8, 7.22,99.8, 53861,35.59,
2018-06-06 13:51:39, 26.571, 8.357, 262.6, 7.23,100.0, 53791,35.54,
2018-06-06 13:51:48, 26.570, 8.361, 262.6, 7.25,100.2, 53791,35.54,
2018-06-06 13:51:57, 26.569, 8.357, 262.7, 7.25,100.2, 53801,35.55,
2018-06-06 13:52:06, 26.569, 8.357, 262.8, 7.25,100.2, 53781,35.54,
2018-06-06 13:52:15, 26.569, 8.353, 262.7, 7.20,99.5, 53781,35.53,
2018-06-06 13:52:24, 26.570, 8.353, 262.8, 7.19,99.4, 53791,35.54,
2018-06-06 13:52:33, 26.571, 8.354, 262.7, 7.23,99.9, 53791,35.54,
2018-06-06 13:52:42, 26.570, 8.354, 262.7, 7.19,99.4, 53781,35.54,
2018-06-06 13:52:51, 26.571, 8.353, 262.6, 7.24,100.0, 53781,35.53,
2018-06-06 13:53:00, 26.571, 8.353, 262.7, 7.25,100.2, 53781,35.54,
2018-06-06 13:53:09, 26.570, 8.351, 262.6, 7.27,100.5, 53781,35.54,
2018-06-06 13:53:18, 26.570, 8.351, 262.7, 7.23,100.0, 53791,35.54,
2018-06-06 13:53:27, 26.570, 8.349, 263.2, 7.21,99.7, 53791,35.55,
2018-06-06 13:53:36, 26.569, 8.350, 262.6, 7.20,99.5, 53781,35.54,
2018-06-06 13:53:45, 26.568, 8.350, 262.6, 7.22,99.8, 53791,35.55,
2018-06-06 13:53:54, 26.569, 8.352, 262.9, 7.25,100.2, 53921,35.64,
2018-06-06 13:54:03, 26.569, 8.352, 262.7, 7.24,100.1, 53791,35.54,
2018-06-06 13:54:12, 26.569, 8.352, 262.8, 7.25,100.2, 53791,35.55,
2018-06-06 13:54:21, 26.569, 8.353, 263.3, 7.25,100.2, 53791,35.54,
2018-06-06 13:54:30, 26.568, 8.352, 262.7, 7.23,99.9, 53781,35.54,
2018-06-06 13:54:39, 26.567, 8.350, 262.6, 7.26,100.4, 53781,35.54,
2018-06-06 13:54:48, 26.568, 8.353, 262.4, 7.26,100.4, 53781,35.54,
2018-06-06 13:54:57, 26.568, 8.349, 262.6, 7.27,100.5, 53801,35.55,
2018-06-06 13:55:06, 26.567, 8.354, 262.6, 7.25,100.2, 53781,35.54,
2018-06-06 13:55:16, 26.569, 8.355, 262.9, 7.21,99.6, 53791,35.54,
2018-06-06 13:55:25, 26.568, 8.358, 262.1, 7.19,99.4, 53801,35.55,
2018-06-06 13:55:34, 26.568, 8.359, 262.4, 7.22,99.8, 53781,35.54,
2018-06-06 13:55:43, 26.568, 8.361, 262.6, 7.19,99.4, 53781,35.53,
2018-06-06 13:55:52, 26.567, 8.353, 262.5, 7.22,99.8, 53771,35.53,
2018-06-06 13:56:01, 26.568, 8.351, 262.4, 7.24,100.0, 53791,35.55,
2018-06-06 13:56:10, 26.568, 8.353, 262.6, 7.21,99.6, 53781,35.53,
2018-06-06 13:56:19, 26.568, 8.353, 262.5, 7.20,99.5, 53781,35.53,
2018-06-06 13:56:28, 26.569, 8.351, 262.4, 7.27,100.5, 53801,35.55,
2018-06-06 13:56:37, 26.568, 8.352, 262.9, 7.25,100.2, 53771,35.53,
2018-06-06 13:56:46, 26.569, 8.351, 262.4, 7.18,99.3, 53791,35.54,
2018-06-06 13:56:55, 26.567, 8.350, 262.7, 7.20,99.5, 53781,35.53,
2018-06-06 13:57:04, 26.567, 8.350, 262.4, 7.23,99.9, 53791,35.55,
2018-06-06 13:57:13, 26.567, 8.350, 263.3, 7.22,99.8, 53781,35.54,
2018-06-06 13:57:22, 26.567, 8.350, 262.2, 7.17,99.0, 53801,35.55,
2018-06-06 13:57:31, 26.569, 8.351, 262.5, 7.19,99.4, 53801,35.55,
2018-06-06 13:57:40, 26.568, 8.351, 262.4, 7.20,99.5, 53771,35.53,
2018-06-06 13:57:49, 26.568, 8.353, 262.6, 7.22,99.8, 53781,35.54,
2018-06-06 13:57:58, 26.567, 8.353, 262.6, 7.22,99.8, 53791,35.54,
2018-06-06 13:58:07, 26.566, 8.354, 262.4, 7.21,99.6, 53781,35.53,
2018-06-06 13:58:16, 26.566, 8.349, 263.0, 7.22,99.7, 53781,35.54,
2018-06-06 13:58:25, 26.566, 8.349, 262.6, 7.19,99.3, 53781,35.53,
2018-06-06 13:58:34, 26.566, 8.350, 262.5, 7.20,99.5, 53801,35.55,
2018-06-06 13:58:43, 26.566, 8.352, 262.6, 7.22,99.7, 53781,35.53,
2018-06-06 13:58:52, 26.567, 8.350, 262.4, 7.24,100.1, 53791,35.54,
2018-06-06 13:59:01, 26.568, 8.348, 262.4, 7.25,100.2, 53791,35.55,
2018-06-06 13:59:10, 26.566, 8.350, 262.4, 7.25,100.2, 53781,35.54,
2018-06-06 13:59:19, 26.567, 8.353, 262.6, 7.21,99.7, 53781,35.54,
2018-06-06 13:59:28, 26.568, 8.353, 262.6, 7.24,100.0, 53781,35.53,
2018-06-06 13:59:37, 26.567, 8.353, 262.5, 7.20,99.5, 53781,35.54,
2018-06-06 13:59:46, 26.568, 8.352, 262.6, 7.26,100.4, 53791,35.54,
2018-06-06 13:59:56, 26.567, 8.348, 263.2, 7.20,99.5, 54241,35.87,
2018-06-06 14:00:05, 26.566, 8.351, 262.6, 7.21,99.6, 55271,36.65,
2018-06-06 14:00:14, 26.565, 8.353, 262.7, 7.17,99.0, 54361,35.97,
2018-06-06 14:00:23, 26.564, 8.358, 262.5, 7.21,99.6, 54441,36.03,
2018-06-06 14:00:32, 26.564, 8.357, 262.5, 7.22,99.8, 53781,35.53,
2018-06-06 14:00:41, 26.564, 8.358, 262.7, 7.22,99.8, 53771,35.53,
2018-06-06 14:00:50, 26.566, 8.356, 263.0, 7.21,99.6, 53781,35.53,
2018-06-06 14:00:59, 26.566, 8.355, 262.7, 7.17,99.1, 53781,35.54,
2018-06-06 14:01:08, 26.566, 8.355, 262.7, 7.18,99.3, 53791,35.54,
2018-06-06 14:01:17, 26.566, 8.356, 262.7, 7.24,100.1, 53791,35.55,
2018-06-06 14:01:26, 26.565, 8.357, 263.0, 7.24,100.1, 53781,35.54,
2018-06-06 14:01:35, 26.566, 8.358, 262.9, 7.19,99.4, 53811,35.56,
2018-06-06 14:01:44, 26.567, 8.355, 263.3, 7.23,99.9, 53781,35.54,
2018-06-06 14:01:53, 26.567, 8.358, 262.9, 7.25,100.2, 53791,35.54,
2018-06-06 14:02:02, 26.567, 8.358, 262.9, 7.21,99.7, 53781,35.53,
2018-06-06 14:02:11, 26.569, 8.355, 262.9, 7.24,100.0, 53791,35.54,
2018-06-06 14:02:20, 26.568, 8.356, 263.5, 7.24,100.1, 53791,35.54,
2018-06-06 14:02:29, 26.567, 8.357, 262.9, 7.20,99.5, 53781,35.54,
2018-06-06 14:02:38, 26.567, 8.357, 262.9, 7.22,99.9, 53811,35.56,
2018-06-06 14:02:47, 26.569, 8.358, 263.0, 7.17,99.1, 53781,35.54,
2018-06-06 14:02:56, 26.568, 8.357, 262.8, 7.19,99.4, 53791,35.55,
2018-06-06 14:03:05, 26.566, 8.360, 262.9, 7.24,100.0, 53791,35.54,
2018-06-06 14:03:14, 26.565, 8.357, 262.7, 7.22,99.7, 53771,35.53,
2018-06-06 14:03:23, 26.566, 8.352, 262.9, 7.18,99.3, 53781,35.54,
2018-06-06 14:03:32, 26.566, 8.350, 263.5, 7.22,99.8, 53791,35.54,
2018-06-06 14:03:41, 26.566, 8.352, 263.0, 7.20,99.6, 53801,35.55,
2018-06-06 14:03:50, 26.566, 8.354, 262.8, 7.21,99.7, 53801,35.55,
2018-06-06 14:03:59, 26.565, 8.358, 262.7, 7.23,99.9, 53791,35.55,
2018-06-06 14:04:08, 26.566, 8.359, 262.9, 7.16,99.0, 53801,35.55,
2018-06-06 14:04:17, 26.566, 8.355, 262.9, 7.17,99.1, 53801,35.55,
2018-06-06 14:04:26, 26.566, 8.357, 263.0, 7.20,99.5, 53801,35.55,
2018-06-06 14:04:36, 26.565, 8.352, 263.0, 7.23,100.0, 53791,35.54,
2018-06-06 14:04:45, 26.565, 8.349, 263.0, 7.23,100.0, 53791,35.54,
2018-06-06 14:04:54, 26.564, 8.351, 262.8, 7.20,99.5, 53771,35.53,
2018-06-06 14:05:03, 26.565, 8.352, 263.0, 7.23,99.9, 53771,35.53,
2018-06-06 14:05:12, 26.564, 8.356, 262.6, 7.20,99.5, 53811,35.56,
2018-06-06 14:05:21, 26.565, 8.355, 263.0, 7.22,99.8, 53791,35.54,
2018-06-06 14:05:30, 26.563, 8.352, 263.0, 7.23,99.9, 53801,35.55,
2018-06-06 14:05:39, 26.562, 8.352, 262.8, 7.24,100.0, 53801,35.55,
2018-06-06 14:05:48, 26.563, 8.352, 263.0, 7.16,99.0, 53801,35.55,
2018-06-06 14:05:57, 26.564, 8.355, 263.1, 7.25,100.2, 53801,35.55,
2018-06-06 14:06:06, 26.565, 8.357, 263.1, 7.18,99.3, 53791,35.54,
2018-06-06 14:06:15, 26.564, 8.355, 263.1, 7.22,99.8, 53801,35.55,
2018-06-06 14:06:24, 26.564, 8.353, 263.0, 7.25,100.2, 53781,35.54,
2018-06-06 14:06:33, 26.564, 8.349, 263.1, 7.21,99.6, 53791,35.54,
2018-06-06 14:06:42, 26.562, 8.353, 263.2, 7.21,99.7, 53811,35.56,
2018-06-06 14:06:51, 26.563, 8.353, 263.0, 7.21,99.7, 53801,35.55,
2018-06-06 14:07:00, 26.562, 8.357, 263.0, 7.22,99.8, 53801,35.55,
2018-06-06 14:07:09, 26.562, 8.357, 263.1, 7.19,99.3, 53781,35.54,
2018-06-06 14:07:18, 26.563, 8.358, 263.2, 7.20,99.5, 53781,35.53,
2018-06-06 14:07:27, 26.563, 8.359, 263.8, 7.21,99.7, 53781,35.54,
2018-06-06 14:07:36, 26.562, 8.356, 263.3, 7.17,99.2, 53781,35.54,
2018-06-06 14:07:45, 26.562, 8.357, 263.4, 7.22,99.9, 53791,35.54,
2018-06-06 14:07:54, 26.562, 8.357, 263.5, 7.28,100.6, 53791,35.54,
2018-06-06 14:08:03, 26.562, 8.354, 263.3, 7.22,99.8, 53791,35.54,
2018-06-06 14:08:12, 26.561, 8.354, 263.2, 7.22,99.8, 53781,35.54,
2018-06-06 14:08:21, 26.562, 8.349, 263.4, 7.29,100.8, 53791,35.54,
2018-06-06 14:08:30, 26.563, 8.353, 263.3, 7.22,99.8, 53781,35.53,
2018-06-06 14:08:39, 26.562, 8.353, 263.7, 7.24,100.0, 53771,35.53,
2018-06-06 14:08:48, 26.562, 8.354, 263.4, 7.24,100.1, 53791,35.54,
2018-06-06 14:08:57, 26.562, 8.354, 263.2, 7.25,100.2, 53781,35.54,
2018-06-06 14:09:06, 26.563, 8.357, 263.2, 7.25,100.2, 53771,35.53,
2018-06-06 14:09:16, 26.563, 8.359, 263.2, 7.25,100.3, 53791,35.54,
2018-06-06 14:09:25, 26.563, 8.359, 263.3, 7.21,99.7, 53781,35.53,
2018-06-06 14:09:34, 26.563, 8.358, 263.2, 7.21,99.7, 53781,35.54,
2018-06-06 14:09:43, 26.563, 8.358, 263.3, 7.18,99.2, 53781,35.53,
2018-06-06 14:09:52, 26.563, 8.358, 263.2, 7.20,99.6, 53781,35.54,
2018-06-06 14:10:01, 26.564, 8.356, 263.2, 7.24,100.0, 53781,35.53,
2018-06-06 14:10:10, 26.564, 8.354, 263.4, 7.22,99.8, 53781,35.53,
2018-06-06 14:10:19, 26.563, 8.354, 263.4, 7.21,99.6, 53791,35.54,
2018-06-06 14:10:28, 26.563, 8.359, 263.1, 7.24,100.1, 53791,35.54,
2018-06-06 14:10:37, 26.563, 8.360, 263.7, 7.22,99.7, 53791,35.54,
2018-06-06 14:10:46, 26.562, 8.356, 263.4, 7.20,99.5, 53781,35.54,
2018-06-06 14:10:55, 26.562, 8.355, 263.4, 7.22,99.9, 53791,35.55,
2018-06-06 14:11:04, 26.562, 8.353, 263.4, 7.21,99.7, 53781,35.53,
2018-06-06 14:11:13, 26.562, 8.352, 263.4, 7.20,99.5, 53781,35.54,
2018-06-06 14:11:22, 26.563, 8.354, 263.5, 7.21,99.6, 53801,35.55,
2018-06-06 14:11:31, 26.563, 8.352, 263.2, 7.13,98.5, 53781,35.53,
2018-06-06 14:11:40, 26.563, 8.353, 263.4, 7.17,99.1, 53781,35.53,
2018-06-06 14:11:49, 26.563, 8.355, 263.6, 7.19,99.4, 53811,35.56,
2018-06-06 14:11:58, 26.563, 8.358, 263.3, 7.19,99.4, 53791,35.54,
2018-06-06 14:12:07, 26.563, 8.359, 263.3, 7.22,99.7, 53781,35.54,
2018-06-06 14:12:16, 26.563, 8.359, 263.3, 7.20,99.5, 53791,35.54,
2018-06-06 14:12:25, 26.564, 8.357, 263.2, 7.23,100.0, 53781,35.54,
2018-06-06 14:12:34, 26.563, 8.356, 263.2, 7.23,100.0, 53511,35.34,
2018-06-06 14:12:43, 26.560, 8.359, 263.3, 7.24,100.1, 53491,35.32,
2018-06-06 14:12:52, 26.556, 8.358, 263.1, 7.21,99.7, 53641,35.43,
2018-06-06 14:13:01, 26.550, 8.364, 263.1, 7.23,99.9, 53671,35.46,
2018-06-06 14:13:10, 26.549, 8.367, 263.1, 7.19,99.4, 53711,35.49,
2018-06-06 14:13:19, 26.549, 8.366, 263.4, 7.23,100.0, 53731,35.50,
2018-06-06 14:13:28, 26.549, 8.365, 263.0, 7.17,99.1, 53741,35.50,
2018-06-06 14:13:37, 26.549, 8.364, 263.1, 7.24,100.1, 53751,35.51,
2018-06-06 14:13:46, 26.550, 8.367, 263.1, 7.20,99.5, 53751,35.51,
2018-06-06 14:13:56, 26.553, 8.368, 263.2, 7.25,100.2, 53761,35.52,
2018-06-06 14:14:05, 26.553, 8.369, 263.3, 7.23,100.0, 53761,35.52,
2018-06-06 14:14:14, 26.555, 8.366, 263.0, 7.19,99.4, 53761,35.52,
2018-06-06 14:14:23, 26.554, 8.368, 262.9, 7.19,99.4, 53761,35.52,
2018-06-06 14:14:32, 26.555, 8.369, 263.0, 7.25,100.2, 53761,35.52,
2018-06-06 14:14:41, 26.555, 8.366, 263.1, 7.25,100.2, 53761,35.52,
2018-06-06 14:14:50, 26.556, 8.371, 262.9, 7.18,99.3, 53761,35.52,
2018-06-06 14:14:59, 26.556, 8.369, 263.0, 7.21,99.7, 53761,35.52,
2018-06-06 14:15:08, 26.558, 8.368, 263.0, 7.20,99.6, 53761,35.52,
2018-06-06 14:15:17, 26.556, 8.369, 262.9, 7.22,99.8, 53751,35.51,
2018-06-06 14:15:26, 26.556, 8.371, 263.5, 7.24,100.0, 53761,35.52,
2018-06-06 14:15:35, 26.556, 8.368, 263.4, 7.18,99.3, 53751,35.51,
2018-06-06 14:15:44, 26.556, 8.369, 263.0, 7.25,100.2, 53751,35.51,
2018-06-06 14:15:53, 26.557, 8.369, 263.3, 7.22,99.8, 53751,35.51,
2018-06-06 14:16:02, 26.557, 8.362, 263.0, 7.22,99.8, 53751,35.51,
2018-06-06 14:16:11, 26.557, 8.363, 263.0, 7.17,99.1, 53751,35.51,
2018-06-06 14:16:20, 26.557, 8.360, 263.2, 7.27,100.4, 53761,35.52,
2018-06-06 14:16:29, 26.557, 8.362, 263.3, 7.24,100.1, 53761,35.52,
2018-06-06 14:16:38, 26.556, 8.364, 263.1, 7.22,99.8, 53761,35.52,
2018-06-06 14:16:47, 26.558, 8.369, 263.1, 7.22,99.8, 53751,35.51,
2018-06-06 14:16:56, 26.557, 8.369, 262.8, 7.20,99.5, 53751,35.51,
2018-06-06 14:17:05, 26.557, 8.368, 262.9, 7.23,99.9, 53761,35.52,
2018-06-06 14:17:14, 26.559, 8.365, 263.2, 7.22,99.8, 53751,35.51,
2018-06-06 14:17:23, 26.558, 8.366, 263.1, 7.26,100.3, 53741,35.51,
2018-06-06 14:17:32, 26.558, 8.363, 263.0, 7.26,100.3, 53751,35.51,
2018-06-06 14:17:41, 26.559, 8.363, 263.2, 7.26,100.3, 53751,35.52,
2018-06-06 14:17:50, 26.559, 8.362, 262.9, 7.30,100.8, 53751,35.51,
2018-06-06 14:17:59, 26.558, 8.369, 263.1, 7.18,99.3, 53771,35.53,
2018-06-06 14:18:08, 26.558, 8.365, 263.5, 7.20,99.5, 53741,35.51,
2018-06-06 14:18:17, 26.558, 8.366, 263.1, 7.18,99.2, 53771,35.52,
2018-06-06 14:18:26, 26.558, 8.369, 263.1, 7.17,99.1, 53761,35.52,
2018-06-06 14:18:36, 26.558, 8.364, 263.5, 7.22,99.7, 53751,35.51,
2018-06-06 14:18:45, 26.558, 8.363, 263.2, 7.21,99.7, 53751,35.51,
2018-06-06 14:18:54, 26.558, 8.364, 263.0, 7.25,100.2, 53761,35.52,
2018-06-06 14:19:03, 26.559, 8.362, 263.1, 7.27,100.4, 53761,35.52,
2018-06-06 14:19:12, 26.559, 8.366, 263.0, 7.26,100.3, 53751,35.52,
2018-06-06 14:19:21, 26.559, 8.368, 263.4, 7.21,99.7, 53751,35.51,
2018-06-06 14:19:30, 26.559, 8.366, 263.3, 7.25,100.2, 53771,35.52,
2018-06-06 14:19:39, 26.559, 8.365, 263.7, 7.25,100.1, 53751,35.51,
2018-06-06 14:19:48, 26.559, 8.364, 262.6, 7.26,100.4, 53751,35.51,
2018-06-06 14:19:57, 26.558, 8.366, 262.8, 7.27,100.4, 53751,35.51,
2018-06-06 14:20:06, 26.558, 8.364, 262.9, 7.24,100.0, 53761,35.52,
2018-06-06 14:20:15, 26.560, 8.360, 263.0, 7.21,99.7, 53751,35.51,
2018-06-06 14:20:24, 26.561, 8.359, 263.1, 7.25,100.2, 53751,35.52,
2018-06-06 14:20:33, 26.562, 8.362, 263.1, 7.27,100.5, 53761,35.52,
2018-06-06 14:20:42, 26.562, 8.361, 263.0, 7.22,99.8, 53751,35.51,
2018-06-06 14:20:51, 26.561, 8.363, 263.0, 7.19,99.3, 53771,35.52,
2018-06-06 14:21:00, 26.560, 8.368, 263.1, 7.21,99.7, 53771,35.52,
2018-06-06 14:21:09, 26.559, 8.370, 263.0, 7.24,100.0, 53751,35.52,
2018-06-06 14:21:18, 26.559, 8.368, 263.4, 7.25,100.3, 53761,35.52,
2018-06-06 14:21:27, 26.560, 8.366, 263.0, 7.21,99.7, 53761,35.52,
2018-06-06 14:21:36, 26.561, 8.369, 263.0, 7.23,100.0, 53761,35.52,
2018-06-06 14:21:45, 26.560, 8.370, 262.9, 7.25,100.2, 53761,35.52,
2018-06-06 14:21:54, 26.560, 8.365, 263.2, 7.21,99.7, 53761,35.52,
2018-06-06 14:22:03, 26.559, 8.369, 262.7, 7.24,100.1, 53771,35.53,
2018-06-06 14:22:12, 26.559, 8.366, 262.7, 7.20,99.6, 53761,35.52,
2018-06-06 14:22:21, 26.557, 8.367, 263.3, 7.23,99.9, 53761,35.52,
2018-06-06 14:22:30, 26.557, 8.367, 263.0, 7.23,99.9, 53761,35.52,
2018-06-06 14:22:39, 26.557, 8.368, 262.9, 7.22,99.7, 53761,35.52,
2018-06-06 14:22:48, 26.556, 8.369, 263.1, 7.22,99.8, 53751,35.51,
2018-06-06 14:22:57, 26.557, 8.366, 263.1, 7.27,100.4, 53751,35.51,
2018-06-06 14:23:06, 26.557, 8.365, 262.6, 7.24,100.1, 53771,35.53,
2018-06-06 14:23:16, 26.557, 8.363, 262.8, 7.17,99.1, 53761,35.52,
2018-06-06 14:23:25, 26.557, 8.364, 262.9, 7.25,100.2, 53761,35.52,
2018-06-06 14:23:34, 26.557, 8.362, 262.8, 7.23,99.9, 53771,35.53,
2018-06-06 14:23:43, 26.558, 8.360, 262.9, 7.27,100.5, 53761,35.52,
2018-06-06 14:23:52, 26.558, 8.363, 262.9, 7.27,100.4, 53761,35.52,
2018-06-06 14:24:01, 26.557, 8.363, 262.9, 7.26,100.3, 53761,35.52,
2018-06-06 14:24:10, 26.556, 8.363, 262.8, 7.26,100.4, 53781,35.53,
2018-06-06 14:24:19, 26.556, 8.361, 263.6, 7.25,100.2, 53761,35.52,
2018-06-06 14:24:28, 26.556, 8.361, 262.7, 7.25,100.2, 53761,35.52,
2018-06-06 14:24:37, 26.556, 8.361, 262.7, 7.23,100.0, 53781,35.54,
2018-06-06 14:24:46, 26.556, 8.361, 263.2, 7.23,99.9, 53761,35.52,
2018-06-06 14:24:55, 26.555, 8.362, 262.9, 7.24,100.1, 53761,35.52,
2018-06-06 14:25:04, 26.556, 8.361, 262.9, 7.21,99.7, 53761,35.52,
2018-06-06 14:25:13, 26.557, 8.360, 262.8, 7.23,100.0, 53771,35.53,
2018-06-06 14:25:22, 26.558, 8.359, 262.5, 7.20,99.6, 53751,35.51,
2018-06-06 14:25:31, 26.557, 8.362, 262.4, 7.26,100.3, 53751,35.51,
2018-06-06 14:25:40, 26.557, 8.361, 263.2, 7.27,100.5, 53991,35.69,
2018-06-06 14:25:49, 26.555, 8.362, 262.7, 7.20,99.5, 53751,35.51,
2018-06-06 14:25:58, 26.556, 8.361, 262.5, 7.17,99.2, 53761,35.52,
2018-06-06 14:26:07, 26.557, 8.361, 262.8, 7.26,100.3, 53771,35.53,
2018-06-06 14:26:16, 26.556, 8.366, 263.0, 7.23,99.9, 53751,35.51,
2018-06-06 14:26:25, 26.557, 8.367, 262.9, 7.24,100.1, 53741,35.50,
2018-06-06 14:26:34, 26.557, 8.364, 262.7, 7.27,100.4, 53751,35.51,
2018-06-06 14:26:43, 26.557, 8.363, 262.5, 7.23,99.9, 53761,35.52,
2018-06-06 14:26:52, 26.557, 8.368, 262.6, 7.23,100.0, 53751,35.51,
2018-06-06 14:27:01, 26.558, 8.366, 262.7, 7.24,100.1, 53751,35.51,
2018-06-06 14:27:10, 26.558, 8.364, 262.9, 7.19,99.4, 53761,35.52,
2018-06-06 14:27:19, 26.557, 8.362, 262.6, 7.20,99.5, 53741,35.51,
2018-06-06 14:27:28, 26.557, 8.359, 262.9, 7.21,99.7, 53761,35.52,
2018-06-06 14:27:37, 26.556, 8.361, 262.8, 7.27,100.5, 53761,35.52,
2018-06-06 14:27:46, 26.557, 8.366, 262.7, 7.28,100.7, 53751,35.51,
2018-06-06 14:27:56, 26.556, 8.370, 263.1, 7.26,100.3, 53761,35.52,
2018-06-06 14:28:05, 26.555, 8.363, 262.7, 7.23,100.0, 53751,35.51,
2018-06-06 14:28:14, 26.556, 8.362, 262.6, 7.23,100.0, 53781,35.53,
2018-06-06 14:28:23, 26.554, 8.359, 262.7, 7.21,99.6, 53751,35.51,
2018-06-06 14:28:32, 26.555, 8.361, 262.8, 7.17,99.1, 53761,35.52,
2018-06-06 14:28:41, 26.553, 8.366, 262.5, 7.20,99.5, 53761,35.52,
2018-06-06 14:28:50, 26.554, 8.363, 262.6, 7.25,100.2, 53761,35.52,
2018-06-06 14:28:59, 26.553, 8.359, 262.7, 7.21,99.6, 53761,35.52,
2018-06-06 14:29:08, 26.554, 8.359, 262.5, 7.22,99.8, 53761,35.52,
2018-06-06 14:29:17, 26.554, 8.364, 262.5, 7.22,99.8, 53771,35.53,
2018-06-06 14:29:26, 26.552, 8.368, 262.6, 7.23,99.9, 53761,35.52,
2018-06-06 14:29:35, 26.553, 8.368, 262.7, 7.21,99.6, 53751,35.51,
2018-06-06 14:29:44, 26.554, 8.367, 262.8, 7.21,99.6, 53781,35.53,
2018-06-06 14:29:53, 26.554, 8.362, 262.7, 7.24,100.0, 53761,35.52,
2018-06-06 14:30:02, 26.554, 8.362, 263.0, 7.18,99.3, 53751,35.51,
2018-06-06 14:30:11, 26.553, 8.361, 263.1, 7.23,99.9, 53761,35.52,
2018-06-06 14:30:20, 26.554, 8.362, 262.3, 7.21,99.7, 53761,35.52,
2018-06-06 14:30:29, 26.555, 8.361, 262.6, 7.26,100.3, 53761,35.52,
2018-06-06 14:30:38, 26.555, 8.363, 262.6, 7.25,100.2, 53761,35.52,
2018-06-06 14:30:47, 26.554, 8.365, 262.4, 7.22,99.8, 53771,35.53,
2018-06-06 14:30:56, 26.555, 8.366, 262.8, 7.23,99.9, 53761,35.52,
2018-06-06 14:31:05, 26.555, 8.365, 262.9, 7.19,99.4, 53761,35.52,
2018-06-06 14:31:14, 26.556, 8.360, 262.7, 7.21,99.6, 53781,35.53,
2018-06-06 14:31:23, 26.555, 8.360, 262.7, 7.22,99.8, 53761,35.52,
2018-06-06 14:31:32, 26.555, 8.363, 263.0, 7.21,99.7, 53761,35.52,
2018-06-06 14:31:41, 26.554, 8.362, 262.8, 7.24,100.1, 53761,35.52,
2018-06-06 14:31:50, 26.554, 8.365, 263.0, 7.23,99.9, 53781,35.53,
2018-06-06 14:31:59, 26.555, 8.362, 262.6, 7.24,100.1, 53771,35.53,
2018-06-06 14:32:08, 26.555, 8.360, 262.7, 7.25,100.2, 53761,35.52,
2018-06-06 14:32:17, 26.555, 8.355, 263.3, 7.24,100.1, 53771,35.53,
2018-06-06 14:32:26, 26.556, 8.360, 262.5, 7.29,100.8, 53761,35.52,
2018-06-06 14:32:36, 26.556, 8.363, 263.2, 7.28,100.6, 53761,35.52,
2018-06-06 14:32:45, 26.555, 8.364, 262.7, 7.27,100.4, 53761,35.52,
2018-06-06 14:32:54, 26.555, 8.364, 262.9, 7.22,99.9, 53761,35.52,
2018-06-06 14:33:03, 26.556, 8.367, 262.7, 7.19,99.4, 53761,35.52,
2018-06-06 14:33:12, 26.557, 8.366, 262.9, 7.26,100.3, 53761,35.52,
2018-06-06 14:33:21, 26.556, 8.358, 262.7, 7.25,100.3, 53781,35.54,
2018-06-06 14:33:30, 26.556, 8.360, 262.8, 7.25,100.2, 53771,35.53,
2018-06-06 14:33:39, 26.555, 8.358, 262.5, 7.22,99.8, 53741,35.50,
2018-06-06 14:33:48, 26.555, 8.359, 262.8, 7.20,99.5, 53751,35.51,
2018-06-06 14:33:57, 26.556, 8.362, 262.6, 7.18,99.2, 53711,35.49,
2018-06-06 14:34:06, 26.556, 8.365, 262.7, 7.24,100.1, 53751,35.51,
2018-06-06 14:34:15, 26.555, 8.367, 262.6, 7.25,100.3, 53751,35.51,
2018-06-06 14:34:24, 26.554, 8.367, 263.0, 7.27,100.4, 53761,35.52,
2018-06-06 14:34:33, 26.555, 8.364, 262.3, 7.27,100.5, 53761,35.52,
2018-06-06 14:34:42, 26.554, 8.362, 262.6, 7.17,99.1, 53751,35.51,
2018-06-06 14:34:51, 26.554, 8.360, 262.7, 7.19,99.4, 53771,35.53,
2018-06-06 14:35:00, 26.555, 8.362, 262.6, 7.20,99.5, 53761,35.52,
2018-06-06 14:35:09, 26.555, 8.363, 262.6, 7.25,100.2, 53761,35.52,
2018-06-06 14:35:18, 26.554, 8.362, 262.6, 7.21,99.6, 53761,35.52,
2018-06-06 14:35:27, 26.554, 8.366, 262.8, 7.24,100.1, 53771,35.52,
2018-06-06 14:35:36, 26.554, 8.368, 262.5, 7.23,100.0, 53761,35.52,
2018-06-06 14:35:45, 26.555, 8.366, 262.6, 7.22,99.8, 53761,35.52,
2018-06-06 14:35:54, 26.554, 8.362, 262.7, 7.20,99.5, 53771,35.53,
2018-06-06 14:36:03, 26.554, 8.361, 262.7, 7.20,99.5, 53761,35.52,
2018-06-06 14:36:12, 26.555, 8.358, 262.7, 7.20,99.5, 53751,35.51,
2018-06-06 14:36:21, 26.555, 8.358, 262.7, 7.25,100.2, 53771,35.53,
2018-06-06 14:36:30, 26.555, 8.358, 262.8, 7.23,99.9, 53761,35.52,
2018-06-06 14:36:39, 26.555, 8.361, 262.7, 7.23,100.0, 53761,35.52,
2018-06-06 14:36:48, 26.554, 8.360, 262.9, 7.20,99.5, 53761,35.52,
2018-06-06 14:36:57, 26.553, 8.365, 262.9, 7.22,99.8, 53761,35.52,
2018-06-06 14:37:06, 26.554, 8.365, 262.4, 7.21,99.7, 53761,35.52,
2018-06-06 14:37:16, 26.555, 8.364, 262.9, 7.23,99.9, 53771,35.52,
2018-06-06 14:37:25, 26.555, 8.368, 262.7, 7.24,100.0, 53771,35.53,
2018-06-06 14:37:34, 26.555, 8.367, 262.7, 7.22,99.7, 53771,35.53,
2018-06-06 14:37:43, 26.555, 8.362, 263.5, 7.28,100.6, 53751,35.51,
2018-06-06 14:37:52, 26.554, 8.359, 262.5, 7.27,100.5, 53761,35.52,
2018-06-06 14:38:01, 26.553, 8.358, 262.5, 7.23,99.9, 53741,35.51,
2018-06-06 14:38:10, 26.552, 8.358, 262.5, 7.25,100.3, 53751,35.51,
2018-06-06 14:38:19, 26.552, 8.358, 262.5, 7.17,99.1, 53741,35.50,
2018-06-06 14:38:28, 26.553, 8.360, 263.2, 7.22,99.8, 53761,35.52,
2018-06-06 14:38:37, 26.554, 8.358, 262.9, 7.23,99.9, 53741,35.51,
2018-06-06 14:38:46, 26.554, 8.360, 262.8, 7.23,100.0, 53761,35.52,
2018-06-06 14:38:55, 26.554, 8.362, 262.5, 7.21,99.6, 53751,35.51,
2018-06-06 14:39:04, 26.554, 8.363, 262.8, 7.24,100.1, 53761,35.52,
2018-06-06 14:39:13, 26.553, 8.365, 262.9, 7.24,100.1, 53751,35.51,
2018-06-06 14:39:22, 26.555, 8.366, 263.0, 7.23,100.0, 53741,35.51,
2018-06-06 14:39:31, 26.555, 8.363, 263.2, 7.23,100.0, 53751,35.51,
2018-06-06 14:39:40, 26.555, 8.357, 262.9, 7.18,99.2, 53761,35.52,
2018-06-06 14:39:49, 26.555, 8.359, 263.0, 7.22,99.8, 53741,35.51,
2018-06-06 14:39:58, 26.555, 8.361, 263.1, 7.22,99.8, 53781,35.54,
2018-06-06 14:40:07, 26.555, 8.363, 263.5, 7.24,100.0, 53771,35.52,
2018-06-06 14:40:16, 26.555, 8.361, 262.7, 7.28,100.6, 53771,35.52,
2018-06-06 14:40:25, 26.555, 8.359, 262.7, 7.28,100.6, 53771,35.53,
2018-06-06 14:40:34, 26.554, 8.362, 263.0, 7.27,100.5, 53761,35.52,
2018-06-06 14:40:43, 26.554, 8.360, 263.3, 7.26,100.3, 53761,35.52,
2018-06-06 14:40:52, 26.554, 8.357, 263.3, 7.21,99.7, 53771,35.52,
2018-06-06 14:41:01, 26.554, 8.359, 262.8, 7.22,99.8, 53771,35.53,
2018-06-06 14:41:10, 26.556, 8.359, 262.9, 7.27,100.5, 53751,35.51,
2018-06-06 14:41:19, 26.556, 8.360, 262.9, 7.21,99.6, 53761,35.52,
2018-06-06 14:41:28, 26.555, 8.358, 262.9, 7.23,100.0, 54131,35.79,
2018-06-06 14:41:37, 26.555, 8.362, 262.9, 7.24,100.1, 53761,35.52,
2018-06-06 14:41:46, 26.555, 8.365, 262.9, 7.25,100.2, 53761,35.52,
2018-06-06 14:41:56, 26.553, 8.365, 262.9, 7.20,99.6, 53751,35.51,
2018-06-06 14:42:05, 26.553, 8.365, 262.9, 7.27,100.4, 53751,35.52,
2018-06-06 14:42:14, 26.553, 8.365, 263.0, 7.22,99.7, 53751,35.51,
2018-06-06 14:42:23, 26.553, 8.365, 262.9, 7.22,99.8, 53761,35.52,
2018-06-06 14:42:32, 26.554, 8.361, 263.0, 7.22,99.8, 53771,35.53,
2018-06-06 14:42:41, 26.554, 8.362, 262.9, 7.21,99.7, 53781,35.53,
2018-06-06 14:42:50, 26.553, 8.361, 262.8, 7.20,99.6, 53761,35.52,
2018-06-06 14:42:59, 26.553, 8.358, 263.0, 7.18,99.3, 53761,35.52,
2018-06-06 14:43:08, 26.553, 8.361, 263.1, 7.24,100.1, 53761,35.52,
2018-06-06 14:43:17, 26.553, 8.361, 262.9, 7.23,99.9, 53771,35.53,
2018-06-06 14:43:26, 26.552, 8.363, 263.1, 7.16,99.0, 53761,35.52,
2018-06-06 14:43:35, 26.553, 8.365, 263.5, 7.19,99.4, 54181,35.83,
2018-06-06 14:43:44, 26.553, 8.364, 262.5, 7.22,99.7, 53771,35.52,
2018-06-06 14:43:53, 26.554, 8.366, 263.1, 7.19,99.4, 53771,35.53,
2018-06-06 14:44:02, 26.552, 8.364, 262.7, 7.24,100.1, 53771,35.53,
2018-06-06 14:44:11, 26.551, 8.363, 262.7, 7.21,99.7, 53761,35.52,
2018-06-06 14:44:20, 26.550, 8.361, 262.6, 7.22,99.8, 53761,35.52,
2018-06-06 14:44:29, 26.551, 8.362, 263.3, 7.22,99.8, 53771,35.53,
2018-06-06 14:44:38, 26.552, 8.360, 262.5, 7.20,99.5, 53761,35.52,
2018-06-06 14:44:47, 26.552, 8.365, 262.5, 7.16,99.0, 53761,35.52,
2018-06-06 14:44:56, 26.551, 8.366, 262.7, 7.20,99.5, 53761,35.52,
2018-06-06 14:45:05, 26.551, 8.365, 263.1, 7.21,99.6, 53771,35.53,
2018-06-06 14:45:14, 26.551, 8.369, 262.6, 7.12,98.4, 53761,35.52,
2018-06-06 14:45:23, 26.550, 8.366, 262.6, 7.20,99.6, 53761,35.52,
2018-06-06 14:45:32, 26.551, 8.369, 262.4, 7.26,100.3, 53771,35.53,
2018-06-06 14:45:41, 26.552, 8.369, 262.6, 7.26,100.4, 53761,35.52,
2018-06-06 14:45:50, 26.550, 8.364, 262.7, 7.24,100.0, 53761,35.52,
2018-06-06 14:45:59, 26.550, 8.362, 262.6, 7.28,100.7, 53761,35.52,
2018-06-06 14:46:08, 26.550, 8.359, 262.7, 7.24,100.1, 53771,35.52,
2018-06-06 14:46:17, 26.550, 8.361, 262.4, 7.27,100.4, 53771,35.53,
2018-06-06 14:46:26, 26.550, 8.359, 262.5, 7.28,100.6, 53761,35.52,
2018-06-06 14:46:36, 26.550, 8.364, 262.6, 7.24,100.1, 53771,35.53,
2018-06-06 14:46:45, 26.550, 8.365, 262.7, 7.29,100.7, 53781,35.53,
2018-06-06 14:46:54, 26.549, 8.367, 262.6, 7.23,100.0, 53751,35.52,
2018-06-06 14:47:03, 26.550, 8.371, 262.6, 7.22,99.8, 53761,35.52,
2018-06-06 14:47:12, 26.549, 8.369, 262.5, 7.21,99.7, 53761,35.52,
2018-06-06 14:47:21, 26.550, 8.360, 263.0, 7.20,99.5, 53761,35.52,
2018-06-06 14:47:30, 26.551, 8.362, 262.6, 7.28,100.6, 53771,35.53,
2018-06-06 14:47:39, 26.552, 8.366, 262.4, 7.19,99.3, 53781,35.53,
2018-06-06 14:47:48, 26.550, 8.366, 262.9, 7.22,99.8, 53771,35.52,
2018-06-06 14:47:57, 26.551, 8.365, 262.4, 7.20,99.5, 53761,35.52,
2018-06-06 14:48:06, 26.550, 8.362, 262.4, 7.21,99.7, 53771,35.53,
2018-06-06 14:48:15, 26.550, 8.362, 263.1, 7.24,100.0, 53761,35.52,
2018-06-06 14:48:24, 26.552, 8.362, 262.5, 7.22,99.8, 53761,35.52,
2018-06-06 14:48:33, 26.550, 8.361, 263.0, 7.23,100.0, 53771,35.53,
2018-06-06 14:48:42, 26.551, 8.357, 263.0, 7.26,100.3, 53771,35.52,
2018-06-06 14:48:51, 26.552, 8.360, 262.6, 7.24,100.0, 53761,35.52,
2018-06-06 14:49:00, 26.553, 8.365, 262.5, 7.20,99.5, 53761,35.52,
2018-06-06 14:49:09, 26.552, 8.367, 262.5, 7.22,99.8, 53771,35.53,
2018-06-06 14:49:18, 26.551, 8.362, 262.4, 7.20,99.6, 53761,35.52,
2018-06-06 14:49:27, 26.549, 8.365, 262.9, 7.28,100.6, 53761,35.52,
2018-06-06 14:49:36, 26.549, 8.364, 262.4, 7.27,100.5, 53781,35.53,
2018-06-06 14:49:45, 26.549, 8.366, 262.2, 7.28,100.6, 53751,35.51,
2018-06-06 14:49:54, 26.549, 8.365, 262.3, 7.31,101.0, 53771,35.53,
2018-06-06 14:50:03, 26.547, 8.367, 262.5, 7.33,101.3, 53771,35.52,
2018-06-06 14:50:12, 26.547, 8.366, 262.2, 7.30,100.9, 53781,35.54,
2018-06-06 14:50:21, 26.545, 8.364, 262.4, 7.30,101.0, 53771,35.52,
2018-06-06 14:50:30, 26.547, 8.366, 262.4, 7.31,101.0, 53771,35.53,
2018-06-06 14:50:39, 26.547, 8.363, 262.3, 7.29,100.8, 53771,35.53,
2018-06-06 14:50:48, 26.547, 8.363, 262.2, 7.28,100.6, 53761,35.52,
2018-06-06 14:50:57, 26.547, 8.364, 262.3, 7.30,100.9, 53771,35.53,
2018-06-06 14:51:06, 26.546, 8.367, 262.2, 7.30,100.8, 53761,35.52,
2018-06-06 14:51:16, 26.545, 8.371, 262.3, 7.27,100.5, 53781,35.53,
2018-06-06 14:51:25, 26.544, 8.365, 262.4, 7.32,101.2, 53761,35.52,
2018-06-06 14:51:34, 26.543, 8.366, 262.4, 7.31,101.0, 53771,35.53,
2018-06-06 14:51:43, 26.543, 8.363, 262.1, 7.30,101.0, 53771,35.53,
2018-06-06 14:51:52, 26.543, 8.362, 262.4, 7.30,100.9, 53761,35.52,
2018-06-06 14:52:01, 26.543, 8.360, 262.2, 7.30,100.9, 53751,35.51,
2018-06-06 14:52:10, 26.543, 8.368, 262.4, 7.30,100.9, 53751,35.51,
2018-06-06 14:52:19, 26.543, 8.369, 262.4, 7.30,100.9, 53761,35.52,
2018-06-06 14:52:28, 26.543, 8.364, 262.4, 7.26,100.4, 53761,35.52,
2018-06-06 14:52:37, 26.543, 8.362, 262.4, 7.24,100.1, 53741,35.51,
2018-06-06 14:52:46, 26.542, 8.362, 262.4, 7.29,100.8, 53781,35.53,
2018-06-06 14:52:55, 26.542, 8.368, 261.8, 7.25,100.2, 53771,35.52,
2018-06-06 14:53:04, 26.542, 8.368, 262.2, 7.29,100.8, 53751,35.51,
2018-06-06 14:53:13, 26.541, 8.369, 262.9, 7.31,101.0, 53761,35.52,
2018-06-06 14:53:22, 26.541, 8.362, 262.4, 7.31,101.0, 53761,35.52,
2018-06-06 14:53:31, 26.541, 8.359, 262.4, 7.28,100.6, 53751,35.51,
2018-06-06 14:53:40, 26.541, 8.357, 262.2, 7.30,100.8, 53751,35.51,
2018-06-06 14:53:49, 26.540, 8.361, 262.2, 7.30,100.8, 53761,35.52,
2018-06-06 14:53:58, 26.540, 8.364, 262.2, 7.27,100.4, 53751,35.51,
2018-06-06 14:54:07, 26.541, 8.365, 262.2, 7.31,101.1, 53751,35.51,
2018-06-06 14:54:16, 26.541, 8.367, 262.2, 7.31,101.0, 53761,35.52,
2018-06-06 14:54:25, 26.541, 8.366, 262.2, 7.31,101.0, 53751,35.51,
2018-06-06 14:54:34, 26.541, 8.368, 263.0, 7.29,100.8, 53741,35.51,
2018-06-06 14:54:43, 26.540, 8.369, 262.5, 7.31,101.0, 53751,35.51,
2018-06-06 14:54:52, 26.540, 8.364, 262.6, 7.30,100.9, 53751,35.51,
2018-06-06 14:55:01, 26.539, 8.368, 262.2, 7.30,100.9, 53751,35.51,
2018-06-06 14:55:10, 26.539, 8.365, 262.4, 7.32,101.2, 53761,35.52,
2018-06-06 14:55:19, 26.540, 8.363, 262.3, 7.27,100.5, 53771,35.53,
2018-06-06 14:55:28, 26.540, 8.362, 262.9, 7.30,100.9, 53751,35.51,
2018-06-06 14:55:37, 26.539, 8.363, 262.4, 7.28,100.6, 53761,35.52,
2018-06-06 14:55:46, 26.539, 8.360, 262.3, 7.28,100.6, 53991,35.69,
2018-06-06 14:55:56, 26.540, 8.360, 262.2, 7.27,100.5, 53751,35.51,
2018-06-06 14:56:05, 26.540, 8.363, 262.2, 7.30,100.9, 53751,35.51,
2018-06-06 14:56:14, 26.539, 8.361, 262.4, 7.30,100.9, 53761,35.52,
2018-06-06 14:56:23, 26.538, 8.365, 262.8, 7.26,100.3, 53761,35.52,
2018-06-06 14:56:32, 26.540, 8.366, 262.6, 7.26,100.3, 53761,35.52,
2018-06-06 14:56:41, 26.540, 8.365, 262.7, 7.27,100.5, 53751,35.51,
2018-06-06 14:56:50, 26.539, 8.362, 263.1, 7.27,100.5, 53761,35.52,
2018-06-06 14:56:59, 26.540, 8.359, 262.5, 7.30,100.9, 53761,35.52,
2018-06-06 14:57:08, 26.540, 8.360, 262.2, 7.30,100.8, 53761,35.52,
2018-06-06 14:57:17, 26.540, 8.357, 262.4, 7.29,100.8, 53781,35.53,
2018-06-06 14:57:26, 26.540, 8.361, 262.2, 7.29,100.8, 53751,35.52,
2018-06-06 14:57:35, 26.541, 8.363, 262.6, 7.28,100.6, 53761,35.52,
2018-06-06 14:57:44, 26.541, 8.364, 263.1, 7.28,100.6, 53761,35.52,
2018-06-06 14:57:53, 26.541, 8.365, 262.4, 7.31,101.0, 53771,35.53,
2018-06-06 14:58:02, 26.541, 8.366, 262.5, 7.31,101.1, 53961,35.67,
2018-06-06 14:58:11, 26.542, 8.364, 262.4, 7.32,101.1, 53751,35.51,
2018-06-06 14:58:20, 26.542, 8.360, 263.1, 7.31,101.0, 53821,35.56,
2018-06-06 14:58:29, 26.542, 8.362, 262.3, 7.27,100.5, 53761,35.52,
2018-06-06 14:58:38, 26.541, 8.363, 262.6, 7.24,100.0, 53751,35.51,
2018-06-06 14:58:47, 26.541, 8.359, 262.5, 7.27,100.4, 53751,35.51,
2018-06-06 14:58:56, 26.541, 8.359, 262.6, 7.26,100.4, 53761,35.52,
2018-06-06 14:59:05, 26.540, 8.363, 262.4, 7.29,100.7, 53751,35.51,
2018-06-06 14:59:14, 26.540, 8.362, 262.4, 7.27,100.5, 53751,35.51,
2018-06-06 14:59:23, 26.540, 8.365, 262.3, 7.30,100.8, 53761,35.52,
2018-06-06 14:59:32, 26.539, 8.362, 262.4, 7.29,100.7, 53731,35.50,
2018-06-06 14:59:41, 26.539, 8.362, 262.4, 7.31,101.0, 53751,35.51,
2018-06-06 14:59:50, 26.539, 8.361, 262.6, 7.29,100.8, 53751,35.51,
2018-06-06 14:59:59, 26.540, 8.358, 262.4, 7.27,100.5, 54241,35.88,
2018-06-06 15:00:08, 26.540, 8.362, 262.3, 7.32,101.1, 53841,35.58,
2018-06-06 15:00:17, 26.541, 8.367, 262.6, 7.29,100.7, 54161,35.82,
2018-06-06 15:00:26, 26.540, 8.366, 262.9, 7.26,100.4, 54631,36.16,
2018-06-06 15:00:36, 26.540, 8.366, 262.2, 7.27,100.5, 53771,35.52,
2018-06-06 15:00:45, 26.538, 8.367, 262.9, 7.25,100.2, 53751,35.51,
2018-06-06 15:00:54, 26.538, 8.368, 262.7, 7.23,99.9, 53761,35.52,
2018-06-06 15:01:03, 26.538, 8.368, 262.4, 7.29,100.8, 53761,35.52,
2018-06-06 15:01:12, 26.538, 8.363, 262.4, 7.26,100.3, 53761,35.52,
2018-06-06 15:01:21, 26.539, 8.361, 262.2, 7.26,100.4, 53751,35.51,
2018-06-06 15:01:30, 26.539, 8.362, 262.6, 7.26,100.4, 53761,35.52,
2018-06-06 15:01:39, 26.539, 8.367, 262.9, 7.27,100.4, 53761,35.52,
2018-06-06 15:01:48, 26.539, 8.360, 262.5, 7.27,100.4, 53761,35.52,
2018-06-06 15:01:57, 26.539, 8.357, 262.4, 7.28,100.6, 53761,35.52,
2018-06-06 15:02:06, 26.539, 8.363, 262.4, 7.21,99.7, 53761,35.52,
2018-06-06 15:02:15, 26.538, 8.365, 262.4, 7.24,100.1, 53761,35.52,
2018-06-06 15:02:24, 26.539, 8.361, 262.4, 7.27,100.5, 53761,35.52,
2018-06-06 15:02:33, 26.538, 8.359, 262.9, 7.25,100.2, 53761,35.52,
2018-06-06 15:02:42, 26.537, 8.358, 262.3, 7.27,100.5, 53751,35.51,
2018-06-06 15:02:51, 26.537, 8.359, 262.4, 7.27,100.5, 53751,35.51,
2018-06-06 15:03:00, 26.537, 8.364, 262.4, 7.29,100.8, 53771,35.52,
2018-06-06 15:03:09, 26.537, 8.360, 262.3, 7.30,100.8, 53761,35.52,
2018-06-06 15:03:18, 26.536, 8.358, 262.6, 7.30,100.9, 53761,35.52,
2018-06-06 15:03:27, 26.537, 8.362, 262.4, 7.25,100.3, 53781,35.53,
2018-06-06 15:03:36, 26.537, 8.366, 262.2, 7.26,100.4, 53761,35.52,
2018-06-06 15:03:45, 26.536, 8.364, 262.4, 7.27,100.4, 53761,35.52,
2018-06-06 15:03:54, 26.536, 8.360, 262.2, 7.30,100.9, 53761,35.52,
2018-06-06 15:04:03, 26.536, 8.359, 262.5, 7.28,100.7, 53771,35.53,
2018-06-06 15:04:12, 26.537, 8.358, 262.4, 7.26,100.3, 53761,35.52,
2018-06-06 15:04:21, 26.538, 8.363, 262.2, 7.27,100.4, 53761,35.52,
2018-06-06 15:04:30, 26.538, 8.366, 262.2, 7.24,100.1, 53781,35.53,
2018-06-06 15:04:39, 26.538, 8.362, 262.3, 7.24,100.0, 53761,35.52,
2018-06-06 15:04:48, 26.538, 8.358, 262.1, 7.25,100.2, 53771,35.53,
2018-06-06 15:04:57, 26.538, 8.357, 262.1, 7.27,100.5, 53771,35.53,
2018-06-06 15:05:06, 26.538, 8.361, 262.3, 7.28,100.6, 53751,35.51,
2018-06-06 15:05:16, 26.539, 8.365, 262.8, 7.29,100.8, 53751,35.51,
2018-06-06 15:05:25, 26.539, 8.361, 262.1, 7.29,100.7, 53761,35.52,
2018-06-06 15:05:34, 26.539, 8.355, 262.2, 7.30,100.9, 53761,35.52,
2018-06-06 15:05:43, 26.540, 8.359, 262.9, 7.28,100.6, 53871,35.60,
2018-06-06 15:05:52, 26.540, 8.360, 262.2, 7.27,100.4, 53761,35.52,
2018-06-06 15:06:01, 26.539, 8.367, 262.4, 7.25,100.3, 53771,35.53,
2018-06-06 15:06:10, 26.539, 8.358, 263.0, 7.28,100.6, 53761,35.52,
2018-06-06 15:06:19, 26.539, 8.357, 262.2, 7.27,100.5, 53761,35.52,
2018-06-06 15:06:28, 26.538, 8.364, 262.2, 7.28,100.7, 53751,35.51,
2018-06-06 15:06:37, 26.537, 8.360, 262.1, 7.27,100.5, 53761,35.52,
2018-06-06 15:06:46, 26.537, 8.357, 262.3, 7.25,100.1, 53751,35.51,
2018-06-06 15:06:55, 26.537, 8.358, 262.4, 7.29,100.7, 53761,35.52,
2018-06-06 15:07:04, 26.536, 8.364, 262.2, 7.23,99.9, 53781,35.53,
2018-06-06 15:07:13, 26.536, 8.361, 262.4, 7.28,100.6, 53761,35.52,
2018-06-06 15:07:22, 26.534, 8.356, 262.3, 7.24,100.0, 53761,35.52,
2018-06-06 15:07:31, 26.531, 8.362, 262.2, 7.25,100.2, 53771,35.53,
2018-06-06 15:07:40, 26.530, 8.364, 262.2, 7.26,100.3, 53761,35.52,
2018-06-06 15:07:49, 26.528, 8.358, 262.3, 7.26,100.4, 53761,35.52,
2018-06-06 15:07:58, 26.526, 8.359, 262.3, 7.22,99.9, 53761,35.52,
2018-06-06 15:08:07, 26.523, 8.366, 262.1, 7.28,100.6, 53771,35.53,
2018-06-06 15:08:16, 26.520, 8.358, 262.2, 7.26,100.3, 53761,35.52,
2018-06-06 15:08:25, 26.517, 8.357, 262.1, 7.26,100.3, 53761,35.52,
2018-06-06 15:08:34, 26.514, 8.365, 262.0, 7.24,100.1, 53781,35.53,
2018-06-06 15:08:43, 26.512, 8.364, 262.4, 7.25,100.2, 53751,35.51,
2018-06-06 15:08:52, 26.510, 8.358, 262.1, 7.23,99.9, 53761,35.52,
2018-06-06 15:09:01, 26.506, 8.357, 262.2, 7.26,100.4, 53761,35.52,
2018-06-06 15:09:10, 26.503, 8.365, 262.2, 7.26,100.3, 53741,35.50,
2018-06-06 15:09:19, 26.497, 8.367, 262.6, 7.24,100.1, 53721,35.49,
2018-06-06 15:09:28, 26.496, 8.362, 262.5, 7.27,100.4, 53721,35.50,
2018-06-06 15:09:37, 26.493, 8.358, 262.2, 7.26,100.4, 53751,35.51,
2018-06-06 15:09:46, 26.491, 8.359, 262.2, 7.21,99.6, 53731,35.50,
2018-06-06 15:09:56, 26.486, 8.363, 262.1, 7.25,100.3, 53721,35.49,
2018-06-06 15:10:05, 26.483, 8.364, 262.2, 7.26,100.3, 53721,35.49,
2018-06-06 15:10:14, 26.480, 8.364, 262.2, 7.26,100.3, 53721,35.49,
2018-06-06 15:10:23, 26.479, 8.368, 262.2, 7.24,100.1, 53721,35.49,
2018-06-06 15:10:32, 26.478, 8.369, 262.2, 7.24,100.1, 53721,35.49,
2018-06-06 15:10:41, 26.476, 8.366, 262.1, 7.20,99.6, 53751,35.51,
2018-06-06 15:10:50, 26.474, 8.364, 262.1, 7.26,100.3, 55411,36.75,
2018-06-06 15:10:59, 26.470, 8.359, 262.2, 7.25,100.1, 53721,35.49,
2018-06-06 15:11:08, 26.469, 8.357, 262.2, 7.29,100.8, 53761,35.52,
2018-06-06 15:11:17, 26.466, 8.359, 262.3, 7.28,100.6, 53731,35.50,
